,id,Basic_Demos-Age,Basic_Demos-Sex,CGAS-CGAS_Score,Physical-BMI,Physical-Waist_Circumference,Physical-Diastolic_BP,Physical-HeartRate,Physical-Systolic_BP,Fitness_Endurance-Max_Stage,FGC-FGC_CU,FGC-FGC_CU_Zone,FGC-FGC_GSND,FGC-FGC_GSND_Zone,FGC-FGC_GSD,FGC-FGC_GSD_Zone,FGC-FGC_PU,FGC-FGC_PU_Zone,FGC-FGC_SRL,FGC-FGC_SRL_Zone,FGC-FGC_SRR,FGC-FGC_SRR_Zone,FGC-FGC_TL,FGC-FGC_TL_Zone,BIA-BIA_Activity_Level_num,BIA-BIA_BMC,BIA-BIA_BMR,BIA-BIA_DEE,BIA-BIA_ECW,BIA-BIA_FFM,BIA-BIA_FFMI,BIA-BIA_FMI,BIA-BIA_Fat,BIA-BIA_Frame_num,BIA-BIA_ICW,BIA-BIA_LDM,BIA-BIA_LST,BIA-BIA_SMM,BIA-BIA_TBW,PAQ_A-PAQ_A_Total,PAQ_C-PAQ_C_Total,SDS-SDS_Total_Raw,SDS-SDS_Total_T,PreInt_EduHx-computerinternet_hoursday,Fitness_Endurance-Time,Unnamed: 0,X_mean,X_std,X_max,X_min,X_skew,X_kurtosis,X_range,Y_mean,Y_std,Y_max,Y_min,Y_skew,Y_kurtosis,Y_range,Z_mean,Z_std,Z_max,Z_min,Z_skew,Z_kurtosis,Z_range,enmo_mean,enmo_std,enmo_zero_count,anglez_mean,anglez_std,light_mean,light_std,battery_voltage_mean,battery_voltage_std,non_wear_ratio,active_hours,weekday_mean,quarter_mean_enmo,quarter_std_enmo
0,00115b9f,9,0,71.0,18.29234694,,60.0,97.0,117.0,6.0,18.0,1.0,,,,,5.0,0.0,7.0,0.0,7.0,0.0,7.0,1.0,3.0,3.84191,1131.43,1923.44,15.5925,62.7757,14.074,4.22033,18.8243,2.0,30.4041,16.779,58.9338,26.4798,45.9966,,2.451,31.0,45.0,0.0,9.616666666666667,1,-0.3163835,0.45366484,1.5078646,-1.7460938,0.66497866193804,-0.1643516023206217,3.2539582,0.016008792,0.5027021,1.6663542,-2.9053385,-0.1987094187010707,-0.6020948841166076,4.5716925,-0.1678901,0.5857097,1.5469792,-1.0483724,0.4911867369499699,-0.757955551474744,2.5953517,0.04738761,0.106351145,2571,-10.580416,42.94717,42.29631,208.16898,4053.579,112.404045,0.0,20,4.470182321717055,0.04738761,
1,001f3379,13,1,50.0,22.27995198,,60.0,73.0,102.0,,12.0,0.0,16.5,2.0,17.9,2.0,6.0,0.0,10.0,1.0,11.0,1.0,8.0,0.0,2.0,4.33036,1330.97,1996.45,30.2124,84.0285,16.6877,13.4988,67.9715,2.0,32.9141,20.902,79.6982,35.3804,63.1265,,4.11,40.0,56.0,0.0,,0,-0.0042722533,0.35154486,1.0343505,-1.0387108,0.241855659202961,2.269931422446777,2.0730615,0.016858876,0.30381224,1.9463034,-1.5226902,0.8336817594551384,3.672752064731774,3.4689937,-0.63173145,0.6234756,1.1462836,-1.0187868,1.326370640422186,0.1852503367891049,2.1650705,0.011926251,0.024330722,9183,-55.630768,50.303635,16.771982,95.32744,3838.1895,155.57387,0.65570796,12,3.909847728029546,0.011926251,
